{
  "myABstream Performance" : {
    "transaction" : "myABstream Performance",
    "sampleCount" : 1000,
    "errorCount" : 0,
    "errorPct" : 0.0,
    "meanResTime" : 1139.7770000000016,
    "medianResTime" : 963.5,
    "minResTime" : 509.0,
    "maxResTime" : 11307.0,
    "pct1ResTime" : 1619.9,
    "pct2ResTime" : 2166.8999999999996,
    "pct3ResTime" : 4406.450000000002,
    "throughput" : 3.3254520120647397,
    "receivedKBytesPerSec" : 24.275150185726496,
    "sentKBytesPerSec" : 0.8638381203215046
  },
  "myABconnect Performance" : {
    "transaction" : "myABconnect Performance",
    "sampleCount" : 1000,
    "errorCount" : 3,
    "errorPct" : 0.3,
    "meanResTime" : 1741.9849999999992,
    "medianResTime" : 1410.0,
    "minResTime" : 913.0,
    "maxResTime" : 12329.0,
    "pct1ResTime" : 2555.0,
    "pct2ResTime" : 3328.6499999999996,
    "pct3ResTime" : 7060.390000000004,
    "throughput" : 3.325750621915366,
    "receivedKBytesPerSec" : 25.869507107129078,
    "sentKBytesPerSec" : 1.2813915782432719
  },
  "Total" : {
    "transaction" : "Total",
    "sampleCount" : 8000,
    "errorCount" : 6,
    "errorPct" : 0.075,
    "meanResTime" : 773.99725,
    "medianResTime" : 528.0,
    "minResTime" : 3.0,
    "maxResTime" : 12329.0,
    "pct1ResTime" : 1471.7000000000016,
    "pct2ResTime" : 1884.9499999999998,
    "pct3ResTime" : 3973.909999999998,
    "throughput" : 26.600785388188587,
    "receivedKBytesPerSec" : 103.28412153400079,
    "sentKBytesPerSec" : 4.663196909404375
  },
  "myABconnect Performance-1" : {
    "transaction" : "myABconnect Performance-1",
    "sampleCount" : 1000,
    "errorCount" : 0,
    "errorPct" : 0.0,
    "meanResTime" : 933.634999999999,
    "medianResTime" : 746.0,
    "minResTime" : 400.0,
    "maxResTime" : 11787.0,
    "pct1ResTime" : 1500.0,
    "pct2ResTime" : 1822.6499999999996,
    "pct3ResTime" : 4200.9400000000005,
    "throughput" : 3.3377948524527783,
    "receivedKBytesPerSec" : 2.1545726537805536,
    "sentKBytesPerSec" : 0.4139647912709989
  },
  "myABconnect Performance-0" : {
    "transaction" : "myABconnect Performance-0",
    "sampleCount" : 1000,
    "errorCount" : 0,
    "errorPct" : 0.0,
    "meanResTime" : 450.2180000000002,
    "medianResTime" : 314.0,
    "minResTime" : 87.0,
    "maxResTime" : 7206.0,
    "pct1ResTime" : 804.9,
    "pct2ResTime" : 1302.249999999999,
    "pct3ResTime" : 3314.94,
    "throughput" : 3.334444814938313,
    "receivedKBytesPerSec" : 1.494638837945982,
    "sentKBytesPerSec" : 0.37447378292764255
  },
  "myABstream Performance-1" : {
    "transaction" : "myABstream Performance-1",
    "sampleCount" : 1000,
    "errorCount" : 0,
    "errorPct" : 0.0,
    "meanResTime" : 470.69599999999986,
    "medianResTime" : 432.0,
    "minResTime" : 154.0,
    "maxResTime" : 10647.0,
    "pct1ResTime" : 662.9,
    "pct2ResTime" : 866.8499999999998,
    "pct3ResTime" : 1354.5900000000013,
    "throughput" : 3.3397010299637975,
    "receivedKBytesPerSec" : 22.099427909213567,
    "sentKBytesPerSec" : 0.4761683109128071
  },
  "myABstream Performance-0" : {
    "transaction" : "myABstream Performance-0",
    "sampleCount" : 1000,
    "errorCount" : 0,
    "errorPct" : 0.0,
    "meanResTime" : 669.0860000000006,
    "medianResTime" : 524.0,
    "minResTime" : 209.0,
    "maxResTime" : 7490.0,
    "pct1ResTime" : 1013.4999999999999,
    "pct2ResTime" : 1445.85,
    "pct3ResTime" : 3520.99,
    "throughput" : 3.330336030905518,
    "receivedKBytesPerSec" : 2.2733446148466383,
    "sentKBytesPerSec" : 0.39027375362174044
  },
  "myABconnect Performance-2" : {
    "transaction" : "myABconnect Performance-2",
    "sampleCount" : 1000,
    "errorCount" : 3,
    "errorPct" : 0.3,
    "meanResTime" : 357.7189999999999,
    "medianResTime" : 300.0,
    "minResTime" : 3.0,
    "maxResTime" : 6027.0,
    "pct1ResTime" : 465.4999999999999,
    "pct2ResTime" : 637.8999999999999,
    "pct3ResTime" : 1052.010000000001,
    "throughput" : 3.371612372468762,
    "receivedKBytesPerSec" : 22.538543851190518,
    "sentKBytesPerSec" : 0.5022550028405834
  },
  "myMBS Performance" : {
    "transaction" : "myMBS Performance",
    "sampleCount" : 1000,
    "errorCount" : 0,
    "errorPct" : 0.0,
    "meanResTime" : 428.86200000000025,
    "medianResTime" : 282.0,
    "minResTime" : 90.0,
    "maxResTime" : 7885.0,
    "pct1ResTime" : 709.8,
    "pct2ResTime" : 1264.3999999999992,
    "pct3ResTime" : 3369.79,
    "throughput" : 3.3351899223901307,
    "receivedKBytesPerSec" : 3.0192588457574714,
    "sentKBytesPerSec" : 0.3745574619871728
  }
}